fixture,metric,value
1-values.xlsx,open_ms,1929.0
1-values.xlsx,recalc_ms,371.0
1-values.xlsx,save_ms,1773.0
1-values.xlsx,peak_mb,1314.0
1-values.xlsx,idle_mb,336.0
2-simple-formulas.xlsx,open_ms,1364.0
2-simple-formulas.xlsx,recalc_ms,248.0
2-simple-formulas.xlsx,edit_ms,270.0
2-simple-formulas.xlsx,save_ms,625.0
2-simple-formulas.xlsx,peak_mb,249.0
2-simple-formulas.xlsx,idle_mb,71.0
4-chain.xlsx,open_ms,48.0
4-chain.xlsx,recalc_ms,9.0
4-chain.xlsx,edit_ms,11.0
4-chain.xlsx,save_ms,22.0
4-chain.xlsx,peak_mb,12.0
4-chain.xlsx,idle_mb,6.0
5-formatting.xlsx,open_ms,98.0
5-formatting.xlsx,recalc_ms,18.0
5-formatting.xlsx,save_ms,78.0
5-formatting.xlsx,peak_mb,57.0
5-formatting.xlsx,idle_mb,19.0
